study_id,pubmed_id,publication_date,publication,title,author_fullname,author_orcid
GCST005549,28714976,2017-09-01,Nat Genet,"Rare coding variants in PLCG2, ABI3, and TREM2 implicate microglial-mediated innate immunity in Alzheimer's disease.",Sims R,NA
GCST006806,29360470,2018-01-19,Alzheimers Dement,CDK5RAP2 gene and tau pathophysiology in late-onset sporadic Alzheimer's disease.,Miron J,NA
GCST003815,27770636,2016-10-20,Alzheimers Dement,"Two novel loci, COBL and SLC10A2, for Alzheimer's disease in African Americans.",Mez J,NA
GCST007511,30820047,2019-02-28,Nat Genet,"Genetic meta-analysis of diagnosed Alzheimer's disease identifies new risk loci and implicates Aβ, tau, immunity and lipid processing.",Kunkle BW,0000-0002-9515-5157
GCST90026599,34151794,2021-06-18,J Alzheimers Dis,Potential Novel Genes for Late-Onset Alzheimer's Disease in East-Asian Descent Identified by APOE-Stratified Genome-Wide Association Study.,Kang S,NA
GCST90026600,34151794,2021-06-18,J Alzheimers Dis,Potential Novel Genes for Late-Onset Alzheimer's Disease in East-Asian Descent Identified by APOE-Stratified Genome-Wide Association Study.,Kang S,NA
GCST90026601,34151794,2021-06-18,J Alzheimers Dis,Potential Novel Genes for Late-Onset Alzheimer's Disease in East-Asian Descent Identified by APOE-Stratified Genome-Wide Association Study.,Kang S,NA
GCST90044699,34493870,2021-09-07,Nat Genet,"A genome-wide association study with 1,126,563 individuals identifies new risk loci for Alzheimer's disease.",Wightman DP,0000-0003-3377-4806
GCST90013665,33223526,2020-11-22,Transl Psychiatry,Genome-wide association study of Alzheimer's disease CSF biomarkers in the EMIF-AD Multimodal Biomarker Discovery dataset.,Hong S,NA
GCST007600,30636644,2019-01-12,Alzheimers Res Ther,Genome-wide analysis of genetic predisposition to Alzheimer's disease and related sex disparities.,Nazarian A,NA
GCST008056,30201328,2018-08-09,Neurobiol Aging,Male-specific epistasis between WWC1 and TLN2 genes is associated with Alzheimer's disease.,Gusareva ES,NA
GCST006121,29107063,2017-10-26,Exp Gerontol,Hidden heterogeneity in Alzheimer's disease: Insights from genetic association studies and other analyses.,Yashin AI,NA
GCST004246,28183528,2017-02-06,Alzheimers Dement,Transethnic genome-wide scan identifies novel Alzheimer's disease loci.,Jun GR,NA
GCST004247,28183528,2017-02-06,Alzheimers Dement,Transethnic genome-wide scan identifies novel Alzheimer's disease loci.,Jun GR,NA
GCST004248,28183528,2017-02-06,Alzheimers Dement,Transethnic genome-wide scan identifies novel Alzheimer's disease loci.,Jun GR,NA
GCST004249,28183528,2017-02-06,Alzheimers Dement,Transethnic genome-wide scan identifies novel Alzheimer's disease loci.,Jun GR,NA
GCST007319,30617256,2019-01-07,Nat Genet,Genome-wide meta-analysis identifies new loci and functional pathways influencing Alzheimer's disease risk.,Jansen IE,0000-0003-1901-8131
GCST008437,31055733,2019-05-05,Geroscience,Genetic heterogeneity of Alzheimer's disease in subjects with and without hypertension.,Nazarian A,NA
GCST008438,31055733,2019-05-05,Geroscience,Genetic heterogeneity of Alzheimer's disease in subjects with and without hypertension.,Nazarian A,NA
GCST009019,31473137,2019-08-13,Alzheimers Dement,Genome-wide association analysis of dementia and its clinical endophenotypes reveal novel loci associated with Alzheimer's disease and three causality networks: The GR@ACE project.,Moreno-Grau S,NA
GCST009021,31473137,2019-08-13,Alzheimers Dement,Genome-wide association analysis of dementia and its clinical endophenotypes reveal novel loci associated with Alzheimer's disease and three causality networks: The GR@ACE project.,Moreno-Grau S,NA
GCST009020,31473137,2019-08-13,Alzheimers Dement,Genome-wide association analysis of dementia and its clinical endophenotypes reveal novel loci associated with Alzheimer's disease and three causality networks: The GR@ACE project.,Moreno-Grau S,NA
GCST009022,31473137,2019-08-13,Alzheimers Dement,Genome-wide association analysis of dementia and its clinical endophenotypes reveal novel loci associated with Alzheimer's disease and three causality networks: The GR@ACE project.,Moreno-Grau S,NA
GCST009023,31473137,2019-08-13,Alzheimers Dement,Genome-wide association analysis of dementia and its clinical endophenotypes reveal novel loci associated with Alzheimer's disease and three causality networks: The GR@ACE project.,Moreno-Grau S,NA
GCST009024,31473137,2019-08-13,Alzheimers Dement,Genome-wide association analysis of dementia and its clinical endophenotypes reveal novel loci associated with Alzheimer's disease and three causality networks: The GR@ACE project.,Moreno-Grau S,NA
GCST005779,29615537,2018-03-01,Aging (Albany NY),Strong impact of natural-selection-free heterogeneity in genetics of age-related phenotypes.,Kulminski AM,NA
GCST009497,30979435,2019-03-12,Neurobiol Aging,Identification of genetic heterogeneity of Alzheimer's disease across age.,Lo MT,NA
GCST009496,30979435,2019-03-12,Neurobiol Aging,Identification of genetic heterogeneity of Alzheimer's disease across age.,Lo MT,NA
GCST011070,32641180,2020-07-09,Int Psychogeriatr,Genome-wide screen to identify genetic loci associated with cognitive decline in late-life depression.,Steffens DC,NA
GCST002983,26339675,2015-06-18,Ann Clin Transl Neurol,F-box/LRR-repeat protein 7 is genetically associated with Alzheimer's disease.,Tosto G,NA
GCST002813,25778476,2015-03-17,Mol Psychiatry,A novel Alzheimer disease locus located near the gene encoding tau protein.,Jun G,NA
GCST002817,25778476,2015-03-17,Mol Psychiatry,A novel Alzheimer disease locus located near the gene encoding tau protein.,Jun G,NA
GCST002954,26049409,2015-06-05,Psychiatr Genet,A genome-wide association study of late-onset Alzheimer's disease in a Japanese population.,Hirano A,NA
GCST90038451,34122051,2021-05-28,Front Aging Neurosci,Similar Genetic Architecture of Alzheimer's Disease and Differential <i>APOE</i> Effect Between Sexes.,Wang H,NA
GCST90038452,34122051,2021-05-28,Front Aging Neurosci,Similar Genetic Architecture of Alzheimer's Disease and Differential <i>APOE</i> Effect Between Sexes.,Wang H,NA
GCST012215,33654092,2021-03-03,Transl Psychiatry,Ethnic and trans-ethnic genome-wide association studies identify new loci influencing Japanese Alzheimer's disease risk.,Shigemizu D,0000-0002-4412-0552
GCST012214,33654092,2021-03-03,Transl Psychiatry,Ethnic and trans-ethnic genome-wide association studies identify new loci influencing Japanese Alzheimer's disease risk.,Shigemizu D,0000-0002-4412-0552
GCST011696,33074286,2020-10-19,JAMA Neurol,Novel Alzheimer Disease Risk Loci and Pathways in African American Individuals Using the African Genome Resources Panel: A Meta-analysis.,Kunkle BW,NA
GCST012182,34099642,2021-06-07,Nat Commun,Common variants in Alzheimer's disease and risk stratification by polygenic risk scores.,de Rojas I,0000-0002-2148-381X
GCST90026487,34336000,2021-07-14,Behav Neurol,Use of Deep-Learning Genomics to Discriminate Healthy Individuals from Those with Alzheimer's Disease or Mild Cognitive Impairment.,Li L,NA
GCST007333,30514930,2018-12-04,Mol Psychiatry,Genetic data and cognitively defined late-onset Alzheimer's disease subgroups.,Mukherjee S,NA
GCST007331,30514930,2018-12-04,Mol Psychiatry,Genetic data and cognitively defined late-onset Alzheimer's disease subgroups.,Mukherjee S,NA
GCST90027158,35379992,2022-04-04,Nat Genet,New insights into the genetic etiology of Alzheimer's disease and related dementias.,Bellenguez C,0000-0002-1240-7874
GCST004880,28870582,2017-08-01,J Neurol Sci,Linking Alzheimer's disease and type 2 diabetes: Novel shared susceptibility genes detected by cFDR approach.,Wang XF,NA
GCST90012877,33589840,2021-02-15,Nat Genet,"Genome-wide meta-analysis, fine-mapping and integrative prioritization implicate new Alzheimer's disease risk genes.",Schwartzentruber J,0000-0002-6183-2092
GCST006120,29107063,2017-10-26,Exp Gerontol,Hidden heterogeneity in Alzheimer's disease: Insights from genetic association studies and other analyses.,Yashin AI,NA
GCST005922,29777097,2018-05-18,Transl Psychiatry,GWAS on family history of Alzheimer's disease.,Marioni RE,NA
GCST007320,30617256,2019-01-07,Nat Genet,Genome-wide meta-analysis identifies new loci and functional pathways influencing Alzheimer's disease risk.,Jansen IE,0000-0003-1901-8131
GCST009025,31473137,2019-08-13,Alzheimers Dement,Genome-wide association analysis of dementia and its clinical endophenotypes reveal novel loci associated with Alzheimer's disease and three causality networks: The GR@ACE project.,Moreno-Grau S,NA
GCST009026,31473137,2019-08-13,Alzheimers Dement,Genome-wide association analysis of dementia and its clinical endophenotypes reveal novel loci associated with Alzheimer's disease and three causality networks: The GR@ACE project.,Moreno-Grau S,NA
GCST007825,30805717,2019-02-25,Hum Genet,Shared genetic architecture between metabolic traits and Alzheimer's disease: a large-scale genome-wide cross-trait analysis.,Zhu Z,NA
GCST007826,30805717,2019-02-25,Hum Genet,Shared genetic architecture between metabolic traits and Alzheimer's disease: a large-scale genome-wide cross-trait analysis.,Zhu Z,NA
GCST007827,30805717,2019-02-25,Hum Genet,Shared genetic architecture between metabolic traits and Alzheimer's disease: a large-scale genome-wide cross-trait analysis.,Zhu Z,NA
GCST010764,32589924,2020-06-23,Am J Hum Genet,A Fast and Accurate Method for Genome-Wide Time-to-Event Data Analysis and Its Application to UK Biobank.,Bi W,NA
GCST011300,32588970,2020-06-26,Alzheimers Dement,Shared genetic etiology underlying late-onset Alzheimer's disease and posttraumatic stress syndrome.,Lutz MW,0000-0001-8809-5574
GCST003452,26993346,2016-03-15,Alzheimers Dement,Genetic risk factors for the posterior cortical atrophy variant of Alzheimer's disease.,Schott JM,NA
GCST003423,26913989,2016-02-23,Ann Neurol,Shared genetic contribution to Ischaemic Stroke and Alzheimer's Disease.,Traylor M,0000-0001-6624-8621
GCST002814,25778476,2015-03-17,Mol Psychiatry,A novel Alzheimer disease locus located near the gene encoding tau protein.,Jun G,NA
GCST003427,26830138,2016-02-02,Mol Psychiatry,"Family-based association analyses of imputed genotypes reveal genome-wide significant association of Alzheimer's disease with OSBPL6, PTPRG, and PDCL3.",Herold C,NA
GCST002775,25649651,2015-02-03,J Alzheimers Dis,Genetic Determinants of Survival in Patientswith Alzheimer’s Disease.,Wang X,NA
GCST90013832,33541420,2021-02-04,Alzheimers Res Ther,Multi-trait association studies discover pleiotropic loci between Alzheimer's disease and cardiometabolic traits.,Bone WP,NA
GCST90013833,33541420,2021-02-04,Alzheimers Res Ther,Multi-trait association studies discover pleiotropic loci between Alzheimer's disease and cardiometabolic traits.,Bone WP,NA
GCST90013834,33541420,2021-02-04,Alzheimers Res Ther,Multi-trait association studies discover pleiotropic loci between Alzheimer's disease and cardiometabolic traits.,Bone WP,NA
GCST90013835,33541420,2021-02-04,Alzheimers Res Ther,Multi-trait association studies discover pleiotropic loci between Alzheimer's disease and cardiometabolic traits.,Bone WP,NA
GCST90013836,33541420,2021-02-04,Alzheimers Res Ther,Multi-trait association studies discover pleiotropic loci between Alzheimer's disease and cardiometabolic traits.,Bone WP,NA
GCST90013837,33541420,2021-02-04,Alzheimers Res Ther,Multi-trait association studies discover pleiotropic loci between Alzheimer's disease and cardiometabolic traits.,Bone WP,NA
GCST90013838,33541420,2021-02-04,Alzheimers Res Ther,Multi-trait association studies discover pleiotropic loci between Alzheimer's disease and cardiometabolic traits.,Bone WP,NA
GCST90013839,33541420,2021-02-04,Alzheimers Res Ther,Multi-trait association studies discover pleiotropic loci between Alzheimer's disease and cardiometabolic traits.,Bone WP,NA
GCST90013840,33541420,2021-02-04,Alzheimers Res Ther,Multi-trait association studies discover pleiotropic loci between Alzheimer's disease and cardiometabolic traits.,Bone WP,NA
GCST90013841,33541420,2021-02-04,Alzheimers Res Ther,Multi-trait association studies discover pleiotropic loci between Alzheimer's disease and cardiometabolic traits.,Bone WP,NA
GCST90013842,33541420,2021-02-04,Alzheimers Res Ther,Multi-trait association studies discover pleiotropic loci between Alzheimer's disease and cardiometabolic traits.,Bone WP,NA
GCST90093315,34011927,2021-05-19,Transl Psychiatry,Novel Alzheimer's disease risk variants identified based on whole-genome sequencing of APOE ε4 carriers.,Park JH,NA
GCST007330,30514930,2018-12-04,Mol Psychiatry,Genetic data and cognitively defined late-onset Alzheimer's disease subgroups.,Mukherjee S,NA
GCST007334,30514930,2018-12-04,Mol Psychiatry,Genetic data and cognitively defined late-onset Alzheimer's disease subgroups.,Mukherjee S,NA
GCST007318,30514930,2018-12-04,Mol Psychiatry,Genetic data and cognitively defined late-onset Alzheimer's disease subgroups.,Mukherjee S,NA
GCST007332,30514930,2018-12-04,Mol Psychiatry,Genetic data and cognitively defined late-onset Alzheimer's disease subgroups.,Mukherjee S,NA
GCST90095190,34743297,2021-11-06,Geroscience,Pleiotropic predisposition to Alzheimer's disease and educational attainment: insights from the summary statistics analysis.,Kulminski AM,NA
GCST90093287,33637690,2021-02-26,Transl Psychiatry,Exome-wide age-of-onset analysis reveals exonic variants in ERN1 and SPPL2C associated with Alzheimer's disease.,He L,0000-0001-6711-2021
GCST90093289,33637690,2021-02-26,Transl Psychiatry,Exome-wide age-of-onset analysis reveals exonic variants in ERN1 and SPPL2C associated with Alzheimer's disease.,He L,0000-0001-6711-2021
GCST004253,28560309,2017-04-23,Alzheimers Dement (Amst),Single-nucleotide polymorphisms are associated with cognitive decline at Alzheimer's disease conversion within mild cognitive impairment patients.,Lee E,NA
GCST90093288,33637690,2021-02-26,Transl Psychiatry,Exome-wide age-of-onset analysis reveals exonic variants in ERN1 and SPPL2C associated with Alzheimer's disease.,He L,0000-0001-6711-2021
GCST007303,30413934,2018-11-09,Acta Neuropathol,Dissecting the genetic relationship between cardiovascular risk factors and Alzheimer's disease.,Broce IJ,NA
